{
  "performance": 97,
  "accessibility": 87,
  "bestPractices": 96,
  "seo": 100,
  "fcpMs": 372.2249999999999,
  "lcpMs": 1207.7349999999997,
  "tbtMs": 0,
  "cls": 0,
  "speedIndexMs": 441.85100923755766,
  "interactiveMs": 1207.7349999999997
}
